sweep,page,url,engine,verdict,reason,targetStatus,ms,credits,billed,billedCredits,bytes,rung,exitClass,startedAt
1,nowsecure,https://nowsecure.nl/,single,content,,200,473,2,true,2,179466,,,2026-09-16T12:26:43.672Z
1,nowsecure,https://nowsecure.nl/,proxy,content,,200,355,10,true,10,179466,,,2026-09-16T12:26:47.149Z
1,nowsecure,https://nowsecure.nl/,browser,content,,200,1207,15,true,15,179466,,,2026-09-16T12:26:50.506Z
1,nowsecure,https://nowsecure.nl/,auto,content,,200,425,2,true,2,178528,cache,,2026-09-16T12:26:54.716Z
1,crunchbase,https://www.crunchbase.com/,single,content,,200,128,2,true,2,129089,,,2026-09-16T12:26:58.142Z
1,crunchbase,https://www.crunchbase.com/,proxy,content,,200,283,10,true,10,129089,,,2026-09-16T12:27:01.271Z
1,crunchbase,https://www.crunchbase.com/,browser,content,,200,1110,30,true,30,129089,,,2026-09-16T12:27:04.556Z
1,crunchbase,https://www.crunchbase.com/,auto,content,,200,293,2,true,2,129089,cache,,2026-09-16T12:27:08.668Z
1,canadianinsider,https://www.canadianinsider.com/,single,challenge,Cloudflare,403,157,2,false,0,5840,,,2026-09-16T12:27:11.964Z
1,canadianinsider,https://www.canadianinsider.com/,proxy,challenge,cloudflare,,10297,10,false,0,0,,,2026-09-16T12:27:15.124Z
1,canadianinsider,https://www.canadianinsider.com/,browser,content,,200,9167,30,true,30,45686,,,2026-09-16T12:27:28.425Z
1,canadianinsider,https://www.canadianinsider.com/,auto,content,,200,1875,2,true,2,45686,cache,,2026-09-16T12:27:40.593Z
1,ceo-ca,https://ceo.ca/scan,single,content,,200,497,2,true,2,65231,,,2026-09-16T12:27:45.471Z
1,ceo-ca,https://ceo.ca/scan,proxy,content,,200,2550,10,true,10,65231,,,2026-09-16T12:27:48.968Z
1,ceo-ca,https://ceo.ca/scan,browser,content,,200,1604,15,true,15,65231,,,2026-09-16T12:27:54.521Z
1,ceo-ca,https://ceo.ca/scan,auto,content,,200,1517,2,true,2,65231,cache,,2026-09-16T12:27:59.127Z
1,stockwatch,https://www.stockwatch.com/News/Search?hours=24&region=C,single,content,,200,928,2,true,2,121250,,,2026-09-16T12:28:03.645Z
1,stockwatch,https://www.stockwatch.com/News/Search?hours=24&region=C,proxy,content,,200,5064,10,true,10,121250,,,2026-09-16T12:28:07.575Z
1,stockwatch,https://www.stockwatch.com/News/Search?hours=24&region=C,browser,content,,200,1646,15,true,15,121250,,,2026-09-16T12:28:15.641Z
1,stockwatch,https://www.stockwatch.com/News/Search?hours=24&region=C,auto,content,,200,997,2,true,2,121250,cache,,2026-09-16T12:28:20.288Z
1,newsfilecorp,https://www.newsfilecorp.com/search?q=gold,single,challenge,AWS WAF,202,377,2,false,0,2510,,,2026-09-16T12:28:24.287Z
1,newsfilecorp,https://www.newsfilecorp.com/search?q=gold,proxy,content,,200,1195,10,true,10,108644,,,2026-09-16T12:28:27.666Z
1,newsfilecorp,https://www.newsfilecorp.com/search?q=gold,browser,challenge,AWS WAF,202,1025,15,false,0,2510,,,2026-09-16T12:28:31.862Z
1,newsfilecorp,https://www.newsfilecorp.com/search?q=gold,auto,content,,200,1209,2,true,2,108644,cache,,2026-09-16T12:28:35.890Z
1,medium,https://medium.com/,single,challenge,Cloudflare,403,111,2,false,0,5934,,,2026-09-16T12:28:40.101Z
1,medium,https://medium.com/,proxy,content,,200,1466,10,true,10,50103,,,2026-09-16T12:28:43.215Z
1,medium,https://medium.com/,browser,content,,200,856,15,true,15,50100,,,2026-09-16T12:28:47.681Z
1,medium,https://medium.com/,auto,content,,200,624,2,true,2,50103,cache,,2026-09-16T12:28:51.540Z
1,devto,https://dev.to/,single,content,,200,163,2,true,2,255071,,,2026-09-16T12:28:55.165Z
1,devto,https://dev.to/,proxy,content,,200,451,10,true,10,255071,,,2026-09-16T12:28:58.331Z
1,devto,https://dev.to/,browser,content,,200,872,15,true,15,255071,,,2026-09-16T12:29:01.783Z
1,devto,https://dev.to/,auto,content,,200,223,2,true,2,255071,cache,,2026-09-16T12:29:05.655Z
1,reddit,https://www.reddit.com/,single,blocked,Reddit,403,165,2,false,0,190238,,,2026-09-16T12:29:08.879Z
1,reddit,https://www.reddit.com/,proxy,blocked,18 attempt(s): 10 exit(s) did not answer; 8 returned HTTP 200 with no defense pr,,8463,10,false,0,0,,,2026-09-16T12:29:12.049Z
1,reddit,https://www.reddit.com/,browser,blocked,Reddit,403,1253,15,false,0,190238,,,2026-09-16T12:29:23.514Z
1,reddit,https://www.reddit.com/,auto,blocked,"status 403, no marker",403,97903,503,false,390,0,fail,,2026-09-16T12:29:27.770Z
1,github-explore,https://github.com/explore,single,content,,200,1593,2,true,2,514413,,,2026-09-16T12:31:08.676Z
1,github-explore,https://github.com/explore,proxy,content,,200,1739,10,true,10,514229,,,2026-09-16T12:31:13.271Z
1,github-explore,https://github.com/explore,browser,content,,200,1050,15,true,15,514414,,,2026-09-16T12:31:18.013Z
1,github-explore,https://github.com/explore,auto,content,,200,1915,10,true,10,514761,proxy,,2026-09-16T12:31:22.064Z
1,linkedin-jobs,https://www.linkedin.com/jobs/search?keywords=engineer,single,content,,200,963,2,true,2,297527,,,2026-09-16T12:31:26.981Z
1,linkedin-jobs,https://www.linkedin.com/jobs/search?keywords=engineer,proxy,content,,200,2036,10,true,10,271606,,,2026-09-16T12:31:30.946Z
1,linkedin-jobs,https://www.linkedin.com/jobs/search?keywords=engineer,browser,content,,200,1963,30,true,30,281862,,,2026-09-16T12:31:35.981Z
1,linkedin-jobs,https://www.linkedin.com/jobs/search?keywords=engineer,auto,content,,200,1079,10,true,10,286033,proxy,,2026-09-16T12:31:40.946Z
1,amazon-product,https://www.amazon.com/dp/B09B8V1LZ3,single,challenge,Amazon,200,173,2,true,2,3781,,,2026-09-16T12:31:45.025Z
1,amazon-product,https://www.amazon.com/dp/B09B8V1LZ3,proxy,challenge,akamai+awswaf,,10353,10,false,0,0,,,2026-09-16T12:31:48.200Z
1,amazon-product,https://www.amazon.com/dp/B09B8V1LZ3,browser,content,,200,2829,15,true,15,1545193,,,2026-09-16T12:32:01.554Z
1,amazon-product,https://www.amazon.com/dp/B09B8V1LZ3,auto,content,,200,4049,25,true,25,1546462,browser,,2026-09-16T12:32:07.386Z
1,google-search,https://www.google.com/search?q=anti-detect+browser,single,blocked,"status 200, no marker",200,208,2,true,2,92438,,,2026-09-16T12:32:14.438Z
1,google-search,https://www.google.com/search?q=anti-detect+browser,proxy,challenge,recaptcha,,15863,10,false,0,0,,,2026-09-16T12:32:17.649Z
1,google-search,https://www.google.com/search?q=anti-detect+browser,browser,blocked,"status 200, no marker",200,1165,15,false,0,92419,,,2026-09-16T12:32:36.514Z
1,google-search,https://www.google.com/search?q=anti-detect+browser,auto,blocked,"status 502, no marker",502,120050,268,false,170,0,fail,,2026-09-16T12:32:40.681Z
1,tiktok-user,https://www.tiktok.com/@tiktok,single,content,,200,441,2,true,2,368975,,,2026-09-16T12:34:43.733Z
1,tiktok-user,https://www.tiktok.com/@tiktok,proxy,content,,200,668,10,true,10,369330,,,2026-09-16T12:34:47.177Z
1,tiktok-user,https://www.tiktok.com/@tiktok,browser,content,,200,1204,15,true,15,367957,,,2026-09-16T12:34:50.848Z
1,tiktok-user,https://www.tiktok.com/@tiktok,auto,content,,200,5926,10,true,10,370124,proxy,,2026-09-16T12:34:55.055Z
1,booking-search,https://www.booking.com/searchresults.html?ss=Victoria%2C+BC,single,challenge,AWS WAF,202,90,2,false,0,2035,,,2026-09-16T12:35:03.985Z
1,booking-search,https://www.booking.com/searchresults.html?ss=Victoria%2C+BC,proxy,challenge,awswaf,,10231,10,false,0,0,,,2026-09-16T12:35:07.078Z
1,booking-search,https://www.booking.com/searchresults.html?ss=Victoria%2C+BC,browser,challenge,AWS WAF,202,765,15,false,0,2035,,,2026-09-16T12:35:20.312Z
1,booking-search,https://www.booking.com/searchresults.html?ss=Victoria%2C+BC,auto,content,,200,2214,10,true,10,948804,proxy,,2026-09-16T12:35:24.079Z
1,indeed-jobs,https://www.indeed.com/jobs?q=engineer,single,challenge,Cloudflare,403,126,2,false,0,28025,,,2026-09-16T12:35:29.293Z
1,indeed-jobs,https://www.indeed.com/jobs?q=engineer,proxy,content,,200,2410,10,true,10,1639307,,,2026-09-16T12:35:32.421Z
1,indeed-jobs,https://www.indeed.com/jobs?q=engineer,browser,content,,200,12503,30,true,30,1653483,,,2026-09-16T12:35:37.834Z
1,indeed-jobs,https://www.indeed.com/jobs?q=engineer,auto,content,,200,2209,10,true,10,2008466,proxy,,2026-09-16T12:35:53.339Z
1,stackoverflow,https://stackoverflow.com/questions/tagged/python,single,challenge,Cloudflare,403,102,2,false,0,6031,,,2026-09-16T12:35:58.551Z
1,stackoverflow,https://stackoverflow.com/questions/tagged/python,proxy,challenge,cloudflare,,10193,10,false,0,0,,,2026-09-16T12:36:01.656Z
1,stackoverflow,https://stackoverflow.com/questions/tagged/python,browser,content,,200,11344,30,true,30,274111,,,2026-09-16T12:36:14.849Z
1,stackoverflow,https://stackoverflow.com/questions/tagged/python,auto,content,,200,2662,40,true,40,274227,browser,,2026-09-16T12:36:29.195Z
1,glassdoor,https://www.glassdoor.com/Reviews/index.htm,single,challenge,Cloudflare,403,235,2,false,0,241184,,,2026-09-16T12:36:34.860Z
1,glassdoor,https://www.glassdoor.com/Reviews/index.htm,proxy,challenge,cloudflare,,10054,10,false,0,0,,,2026-09-16T12:36:38.098Z
1,glassdoor,https://www.glassdoor.com/Reviews/index.htm,browser,error,Timeout after 60s: the cloudflare challenge did not complete from this exit (4 checkbox presses),,60054,15,false,0,0,,,2026-09-16T12:36:51.152Z
1,glassdoor,https://www.glassdoor.com/Reviews/index.htm,auto,content,,200,6761,40,true,40,689470,browser,,2026-09-16T12:37:54.208Z
1,vinted,https://www.vinted.com/,single,content,,200,863,2,true,2,1930778,,,2026-09-16T12:38:03.971Z
1,vinted,https://www.vinted.com/,proxy,content,,200,1264,10,true,10,1931621,,,2026-09-16T12:38:07.836Z
1,vinted,https://www.vinted.com/,browser,content,,200,2550,30,true,30,1930946,,,2026-09-16T12:38:12.102Z
1,deezer,https://www.deezer.com/en/,single,content,,200,406,2,true,2,195176,,,2026-09-16T12:40:20.722Z
1,deezer,https://www.deezer.com/en/,proxy,content,,200,301,10,true,10,195176,,,2026-09-16T12:40:24.130Z
1,deezer,https://www.deezer.com/en/,browser,content,,200,1345,15,true,15,195176,,,2026-09-16T12:40:27.433Z
1,deezer,https://www.deezer.com/en/,auto,content,,200,546,10,true,10,195176,proxy,,2026-09-16T12:40:31.782Z
1,leboncoin,https://www.leboncoin.fr/,single,content,,200,317,2,true,2,474748,,,2026-09-16T12:40:35.329Z
1,leboncoin,https://www.leboncoin.fr/,proxy,content,,200,662,10,true,10,474748,,,2026-09-16T12:40:38.649Z
1,leboncoin,https://www.leboncoin.fr/,browser,content,,200,1397,15,true,15,474748,,,2026-09-16T12:40:42.314Z
1,leboncoin,https://www.leboncoin.fr/,auto,content,,200,13508,161,true,50,474748,proxy,,2026-09-16T12:40:46.714Z
1,hermes,https://www.hermes.com/us/en/,single,content,,200,341,2,true,2,581174,,,2026-09-16T12:41:03.225Z
1,hermes,https://www.hermes.com/us/en/,proxy,content,,200,365,10,true,10,581174,,,2026-09-16T12:41:06.567Z
1,hermes,https://www.hermes.com/us/en/,browser,content,,200,1348,30,true,30,581174,,,2026-09-16T12:41:09.934Z
1,hermes,https://www.hermes.com/us/en/,auto,content,,200,465,10,true,10,581174,proxy,,2026-09-16T12:41:14.285Z
2,nowsecure,https://nowsecure.nl/,single,content,,200,381,2,true,2,179466,,,2026-09-16T12:41:17.752Z
2,nowsecure,https://nowsecure.nl/,proxy,content,,200,5413,10,true,10,179466,,,2026-09-16T12:41:21.133Z
2,nowsecure,https://nowsecure.nl/,browser,content,,200,1512,15,true,15,179466,,,2026-09-16T12:41:29.549Z
2,nowsecure,https://nowsecure.nl/,auto,content,,200,385,2,true,2,179466,cache,,2026-09-16T12:41:34.064Z
2,crunchbase,https://www.crunchbase.com/,single,content,,200,174,2,true,2,129089,,,2026-09-16T12:41:37.450Z
2,crunchbase,https://www.crunchbase.com/,proxy,content,,200,919,10,true,10,129089,,,2026-09-16T12:41:40.625Z
2,crunchbase,https://www.crunchbase.com/,browser,content,,200,1866,30,true,30,129089,,,2026-09-16T12:41:44.547Z
2,crunchbase,https://www.crunchbase.com/,auto,content,,200,287,2,true,2,129089,cache,,2026-09-16T12:41:49.413Z
2,canadianinsider,https://www.canadianinsider.com/,single,challenge,Cloudflare,403,207,2,false,0,5840,,,2026-09-16T12:41:52.704Z
2,canadianinsider,https://www.canadianinsider.com/,proxy,challenge,cloudflare,,10448,10,false,0,0,,,2026-09-16T12:41:55.913Z
2,canadianinsider,https://www.canadianinsider.com/,browser,content,,200,9067,30,true,30,45686,,,2026-09-16T12:42:09.364Z
2,canadianinsider,https://www.canadianinsider.com/,auto,content,,200,730,2,true,2,45686,cache,,2026-09-16T12:42:21.433Z
2,ceo-ca,https://ceo.ca/scan,single,content,,200,612,2,true,2,65231,,,2026-09-16T12:42:25.164Z
2,ceo-ca,https://ceo.ca/scan,proxy,content,,200,2573,10,true,10,65231,,,2026-09-16T12:42:28.779Z
2,ceo-ca,https://ceo.ca/scan,browser,content,,200,1873,15,true,15,65231,,,2026-09-16T12:42:34.355Z
2,ceo-ca,https://ceo.ca/scan,auto,content,,200,1035,2,true,2,65231,cache,,2026-09-16T12:42:39.230Z
2,stockwatch,https://www.stockwatch.com/News/Search?hours=24&region=C,single,content,,200,935,2,true,2,121615,,,2026-09-16T12:42:43.268Z
2,stockwatch,https://www.stockwatch.com/News/Search?hours=24&region=C,proxy,content,,200,954,10,true,10,121615,,,2026-09-16T12:42:47.204Z
2,stockwatch,https://www.stockwatch.com/News/Search?hours=24&region=C,browser,content,,200,1697,15,true,15,121615,,,2026-09-16T12:42:51.161Z
2,stockwatch,https://www.stockwatch.com/News/Search?hours=24&region=C,auto,content,,200,489,2,true,2,121615,cache,,2026-09-16T12:42:55.857Z
2,newsfilecorp,https://www.newsfilecorp.com/search?q=gold,single,content,,200,1376,2,true,2,108537,,,2026-09-16T12:42:59.349Z
2,newsfilecorp,https://www.newsfilecorp.com/search?q=gold,proxy,content,,200,966,10,true,10,108537,,,2026-09-16T12:43:03.727Z
2,newsfilecorp,https://www.newsfilecorp.com/search?q=gold,browser,content,,200,1287,15,true,15,34651,,,2026-09-16T12:43:07.695Z
2,newsfilecorp,https://www.newsfilecorp.com/search?q=gold,auto,content,,200,766,2,true,2,34651,cache,,2026-09-16T12:43:11.983Z
2,medium,https://medium.com/,single,challenge,Cloudflare,403,109,2,false,0,5934,,,2026-09-16T12:43:15.751Z
2,medium,https://medium.com/,proxy,content,,200,216,10,true,10,50097,,,2026-09-16T12:43:18.861Z
2,medium,https://medium.com/,browser,content,,200,883,15,true,15,50100,,,2026-09-16T12:43:22.079Z
2,medium,https://medium.com/,auto,content,,200,347,2,true,2,50103,cache,,2026-09-16T12:43:25.964Z
2,devto,https://dev.to/,single,content,,200,158,2,true,2,255077,,,2026-09-16T12:43:29.311Z
2,devto,https://dev.to/,proxy,content,,200,1992,10,true,10,255077,,,2026-09-16T12:43:32.471Z
2,devto,https://dev.to/,browser,content,,200,883,15,true,15,255077,,,2026-09-16T12:43:37.466Z
2,devto,https://dev.to/,auto,content,,200,229,2,true,2,255077,cache,,2026-09-16T12:43:41.352Z
2,reddit,https://www.reddit.com/,single,blocked,Reddit,403,182,2,false,0,190238,,,2026-09-16T12:43:44.582Z
2,reddit,https://www.reddit.com/,proxy,blocked,18 attempt(s): 7 exit(s) did not answer; 11 returned HTTP 200 with no defense pr,,7836,10,false,0,0,,,2026-09-16T12:43:47.767Z
2,reddit,https://www.reddit.com/,browser,blocked,Reddit,403,812,15,false,0,190238,,,2026-09-16T12:43:58.605Z
2,reddit,https://www.reddit.com/,auto,blocked,"status 200, no marker",200,37543,482,false,435,0,fail,,2026-09-16T12:44:02.420Z
2,github-explore,https://github.com/explore,single,content,,200,2024,2,true,2,514100,,,2026-09-16T12:44:42.966Z
2,github-explore,https://github.com/explore,proxy,content,,200,6726,10,true,10,514760,,,2026-09-16T12:44:47.991Z
2,github-explore,https://github.com/explore,browser,content,,200,837,15,true,15,514100,,,2026-09-16T12:44:57.719Z
2,github-explore,https://github.com/explore,auto,content,,200,547,2,true,2,514258,cache,,2026-09-16T12:45:01.558Z
2,linkedin-jobs,https://www.linkedin.com/jobs/search?keywords=engineer,single,content,,200,967,2,true,2,282035,,,2026-09-16T12:45:05.107Z
2,linkedin-jobs,https://www.linkedin.com/jobs/search?keywords=engineer,proxy,content,,200,1156,10,true,10,271615,,,2026-09-16T12:45:09.077Z
2,linkedin-jobs,https://www.linkedin.com/jobs/search?keywords=engineer,browser,content,,200,2469,30,true,30,286659,,,2026-09-16T12:45:13.234Z
2,linkedin-jobs,https://www.linkedin.com/jobs/search?keywords=engineer,auto,content,,200,5564,10,true,10,282015,proxy,,2026-09-16T12:45:18.706Z
2,amazon-product,https://www.amazon.com/dp/B09B8V1LZ3,single,content,,200,1016,2,true,2,857969,,,2026-09-16T12:45:27.273Z
2,amazon-product,https://www.amazon.com/dp/B09B8V1LZ3,proxy,content,,200,6117,10,true,10,1260564,,,2026-09-16T12:45:31.292Z
2,amazon-product,https://www.amazon.com/dp/B09B8V1LZ3,browser,content,,200,2892,15,true,15,1790757,,,2026-09-16T12:45:40.412Z
2,amazon-product,https://www.amazon.com/dp/B09B8V1LZ3,auto,content,,200,7049,10,true,10,1542720,cache,,2026-09-16T12:45:46.307Z
2,google-search,https://www.google.com/search?q=anti-detect+browser,single,blocked,"status 200, no marker",200,215,2,true,2,92297,,,2026-09-16T12:45:56.357Z
2,google-search,https://www.google.com/search?q=anti-detect+browser,proxy,challenge,recaptcha,,10140,10,false,0,0,,,2026-09-16T12:45:59.574Z
2,google-search,https://www.google.com/search?q=anti-detect+browser,browser,blocked,"status 200, no marker",200,1365,15,false,0,92504,,,2026-09-16T12:46:12.716Z
2,google-search,https://www.google.com/search?q=anti-detect+browser,auto,content,,200,32311,126,true,77,778174,browser,,2026-09-16T12:46:17.083Z
2,tiktok-user,https://www.tiktok.com/@tiktok,single,content,,200,556,2,true,2,369497,,,2026-09-16T12:46:52.397Z
2,tiktok-user,https://www.tiktok.com/@tiktok,proxy,content,,200,512,10,true,10,367754,,,2026-09-16T12:46:55.955Z
2,tiktok-user,https://www.tiktok.com/@tiktok,browser,content,,200,1463,15,true,15,367974,,,2026-09-16T12:46:59.469Z
2,tiktok-user,https://www.tiktok.com/@tiktok,auto,content,,200,717,2,true,2,368751,cache,,2026-09-16T12:47:03.935Z
2,booking-search,https://www.booking.com/searchresults.html?ss=Victoria%2C+BC,single,challenge,AWS WAF,202,85,2,false,0,2035,,,2026-09-16T12:47:07.653Z
2,booking-search,https://www.booking.com/searchresults.html?ss=Victoria%2C+BC,proxy,challenge,awswaf,,10283,10,false,0,0,,,2026-09-16T12:47:10.740Z
2,booking-search,https://www.booking.com/searchresults.html?ss=Victoria%2C+BC,browser,challenge,AWS WAF,202,831,15,false,0,2035,,,2026-09-16T12:47:24.026Z
2,booking-search,https://www.booking.com/searchresults.html?ss=Victoria%2C+BC,auto,blocked,"status 502, no marker",502,87820,42,false,0,0,fail,,2026-09-16T12:47:27.858Z
2,indeed-jobs,https://www.indeed.com/jobs?q=engineer,single,challenge,Cloudflare,403,141,2,false,0,28025,,,2026-09-16T12:48:58.681Z
2,indeed-jobs,https://www.indeed.com/jobs?q=engineer,proxy,content,,200,6975,10,true,10,1646099,,,2026-09-16T12:49:01.825Z
2,indeed-jobs,https://www.indeed.com/jobs?q=engineer,browser,content,,200,9812,30,true,30,1653119,,,2026-09-16T12:49:11.802Z
2,indeed-jobs,https://www.indeed.com/jobs?q=engineer,auto,content,,200,1721,2,true,2,1657326,cache,,2026-09-16T12:49:24.616Z
2,stackoverflow,https://stackoverflow.com/questions/tagged/python,single,challenge,Cloudflare,403,121,2,false,0,6031,,,2026-09-16T12:49:29.340Z
2,stackoverflow,https://stackoverflow.com/questions/tagged/python,proxy,challenge,cloudflare,,15072,10,false,0,0,,,2026-09-16T12:49:32.464Z
2,stackoverflow,https://stackoverflow.com/questions/tagged/python,browser,content,,200,9972,30,true,30,273921,,,2026-09-16T12:49:50.536Z
2,stackoverflow,https://stackoverflow.com/questions/tagged/python,auto,content,,200,833,2,true,2,274301,cache,,2026-09-16T12:50:03.510Z
2,glassdoor,https://www.glassdoor.com/Reviews/index.htm,single,challenge,Cloudflare,403,256,2,false,0,241162,,,2026-09-16T12:50:07.346Z
2,glassdoor,https://www.glassdoor.com/Reviews/index.htm,proxy,challenge,cloudflare,,11904,10,false,0,0,,,2026-09-16T12:50:10.605Z
2,glassdoor,https://www.glassdoor.com/Reviews/index.htm,browser,error,Timeout after 60s: the cloudflare challenge did not complete from this exit (4 checkbox presses),,60081,15,false,0,0,,,2026-09-16T12:50:25.509Z
2,glassdoor,https://www.glassdoor.com/Reviews/index.htm,auto,content,,200,1398,2,true,2,689806,cache,,2026-09-16T12:51:28.593Z
2,vinted,https://www.vinted.com/,single,content,,200,818,2,true,2,1931656,,,2026-09-16T12:51:32.994Z
2,vinted,https://www.vinted.com/,proxy,content,,200,1515,10,true,10,1931606,,,2026-09-16T12:51:36.815Z
2,vinted,https://www.vinted.com/,browser,content,,200,2916,30,true,30,1931503,,,2026-09-16T12:51:41.331Z
2,deezer,https://www.deezer.com/en/,single,content,,200,289,2,true,2,195176,,,2026-09-16T12:53:52.643Z
2,deezer,https://www.deezer.com/en/,proxy,content,,200,561,10,true,10,195176,,,2026-09-16T12:53:55.934Z
2,deezer,https://www.deezer.com/en/,browser,content,,200,1522,15,true,15,195176,,,2026-09-16T12:53:59.497Z
2,deezer,https://www.deezer.com/en/,auto,content,,200,407,2,true,2,195176,cache,,2026-09-16T12:54:04.021Z
2,leboncoin,https://www.leboncoin.fr/,single,content,,200,297,2,true,2,474482,,,2026-09-16T12:54:07.430Z
2,leboncoin,https://www.leboncoin.fr/,proxy,content,,200,2262,10,true,10,474482,,,2026-09-16T12:54:10.729Z
2,leboncoin,https://www.leboncoin.fr/,browser,content,,200,1296,15,true,15,474482,,,2026-09-16T12:54:15.994Z
2,leboncoin,https://www.leboncoin.fr/,auto,content,,200,1492,25,true,10,474482,proxy,,2026-09-16T12:54:20.292Z
2,hermes,https://www.hermes.com/us/en/,single,content,,200,316,2,true,2,581174,,,2026-09-16T12:54:24.786Z
2,hermes,https://www.hermes.com/us/en/,proxy,content,,200,463,10,true,10,581174,,,2026-09-16T12:54:28.103Z
2,hermes,https://www.hermes.com/us/en/,browser,content,,200,1244,30,true,30,581174,,,2026-09-16T12:54:31.569Z
2,hermes,https://www.hermes.com/us/en/,auto,content,,200,432,2,true,2,581174,cache,,2026-09-16T12:54:35.815Z
3,nowsecure,https://nowsecure.nl/,single,content,,200,360,2,true,2,179466,,,2026-09-16T12:54:39.250Z
3,nowsecure,https://nowsecure.nl/,proxy,content,,200,699,10,true,10,179466,,,2026-09-16T12:54:42.613Z
3,nowsecure,https://nowsecure.nl/,browser,content,,200,2533,15,true,15,179466,,,2026-09-16T12:54:46.313Z
3,nowsecure,https://nowsecure.nl/,auto,content,,200,442,2,true,2,179466,cache,,2026-09-16T12:54:51.849Z
3,crunchbase,https://www.crunchbase.com/,single,content,,200,215,2,true,2,129089,,,2026-09-16T12:54:55.292Z
3,crunchbase,https://www.crunchbase.com/,proxy,content,,200,280,10,true,10,129089,,,2026-09-16T12:54:58.509Z
3,crunchbase,https://www.crunchbase.com/,browser,content,,200,1191,30,true,30,129089,,,2026-09-16T12:55:01.790Z
3,crunchbase,https://www.crunchbase.com/,auto,content,,200,1149,2,true,2,129089,cache,,2026-09-16T12:55:05.984Z
3,canadianinsider,https://www.canadianinsider.com/,single,challenge,Cloudflare,403,270,2,false,0,5840,,,2026-09-16T12:55:10.133Z
3,canadianinsider,https://www.canadianinsider.com/,proxy,challenge,cloudflare,,12077,10,false,0,0,,,2026-09-16T12:55:13.406Z
3,canadianinsider,https://www.canadianinsider.com/,browser,content,,200,9116,30,true,30,45686,,,2026-09-16T12:55:28.484Z
3,canadianinsider,https://www.canadianinsider.com/,auto,content,,200,4759,32,true,30,45686,cache,,2026-09-16T12:55:40.601Z
3,ceo-ca,https://ceo.ca/scan,single,content,,200,527,2,true,2,65231,,,2026-09-16T12:55:48.362Z
3,ceo-ca,https://ceo.ca/scan,proxy,content,,200,622,10,true,10,65231,,,2026-09-16T12:55:51.891Z
3,ceo-ca,https://ceo.ca/scan,browser,content,,200,1227,15,true,15,65231,,,2026-09-16T12:55:55.513Z
3,ceo-ca,https://ceo.ca/scan,auto,content,,200,5372,12,true,10,65231,cache,,2026-09-16T12:55:59.742Z
3,stockwatch,https://www.stockwatch.com/News/Search?hours=24&region=C,single,content,,200,939,2,true,2,121631,,,2026-09-16T12:56:08.116Z
3,stockwatch,https://www.stockwatch.com/News/Search?hours=24&region=C,proxy,content,,200,904,10,true,10,121631,,,2026-09-16T12:56:12.057Z
3,stockwatch,https://www.stockwatch.com/News/Search?hours=24&region=C,browser,content,,200,1787,15,true,15,121631,,,2026-09-16T12:56:15.964Z
3,stockwatch,https://www.stockwatch.com/News/Search?hours=24&region=C,auto,content,,200,1004,2,true,2,121631,cache,,2026-09-16T12:56:20.755Z
3,newsfilecorp,https://www.newsfilecorp.com/search?q=gold,single,content,,200,1091,2,true,2,108545,,,2026-09-16T12:56:24.761Z
3,newsfilecorp,https://www.newsfilecorp.com/search?q=gold,proxy,content,,200,823,10,true,10,34651,,,2026-09-16T12:56:28.853Z
3,newsfilecorp,https://www.newsfilecorp.com/search?q=gold,browser,content,,200,1330,15,true,15,34651,,,2026-09-16T12:56:32.679Z
3,newsfilecorp,https://www.newsfilecorp.com/search?q=gold,auto,content,,200,772,2,true,2,34651,cache,,2026-09-16T12:56:37.010Z
3,medium,https://medium.com/,single,content,,200,157,2,true,2,50097,,,2026-09-16T12:56:40.785Z
3,medium,https://medium.com/,proxy,content,,200,281,10,true,10,50098,,,2026-09-16T12:56:43.944Z
3,medium,https://medium.com/,browser,content,,200,789,15,true,15,50100,,,2026-09-16T12:56:47.227Z
3,medium,https://medium.com/,auto,content,,200,355,2,true,2,50103,cache,,2026-09-16T12:56:51.016Z
3,devto,https://dev.to/,single,content,,200,273,2,true,2,255039,,,2026-09-16T12:56:54.371Z
3,devto,https://dev.to/,proxy,content,,200,994,10,true,10,255039,,,2026-09-16T12:56:57.646Z
3,devto,https://dev.to/,browser,content,,200,896,15,true,15,255039,,,2026-09-16T12:57:01.643Z
3,devto,https://dev.to/,auto,content,,200,725,2,true,2,255039,cache,,2026-09-16T12:57:05.542Z
3,reddit,https://www.reddit.com/,single,blocked,Reddit,403,258,2,false,0,190238,,,2026-09-16T12:57:09.268Z
3,reddit,https://www.reddit.com/,proxy,blocked,18 attempt(s): 9 exit(s) did not answer; 9 returned HTTP 200 with no defense pre,,5424,10,false,0,0,,,2026-09-16T12:57:12.530Z
3,reddit,https://www.reddit.com/,browser,blocked,Reddit,403,1725,15,false,0,190238,,,2026-09-16T12:57:20.957Z
3,reddit,https://www.reddit.com/,auto,blocked,"status 200, no marker",200,89613,469,false,390,0,fail,,2026-09-16T12:57:25.687Z
3,github-explore,https://github.com/explore,single,content,,200,1692,2,true,2,513998,,,2026-09-16T12:58:58.302Z
3,github-explore,https://github.com/explore,proxy,content,,200,1657,10,true,10,514127,,,2026-09-16T12:59:02.997Z
3,github-explore,https://github.com/explore,browser,content,,200,838,15,true,15,513997,,,2026-09-16T12:59:07.656Z
3,github-explore,https://github.com/explore,auto,content,,200,363,2,true,2,514127,cache,,2026-09-16T12:59:11.497Z
3,linkedin-jobs,https://www.linkedin.com/jobs/search?keywords=engineer,single,content,,200,1317,2,true,2,301927,,,2026-09-16T12:59:14.863Z
3,linkedin-jobs,https://www.linkedin.com/jobs/search?keywords=engineer,proxy,content,,200,4087,10,true,10,282134,,,2026-09-16T12:59:19.182Z
3,linkedin-jobs,https://www.linkedin.com/jobs/search?keywords=engineer,browser,content,,200,1993,30,true,30,276137,,,2026-09-16T12:59:26.272Z
3,linkedin-jobs,https://www.linkedin.com/jobs/search?keywords=engineer,auto,content,,200,1151,10,true,10,297408,proxy,,2026-09-16T12:59:31.267Z
3,amazon-product,https://www.amazon.com/dp/B09B8V1LZ3,single,challenge,Amazon,200,169,2,true,2,3781,,,2026-09-16T12:59:35.421Z
3,amazon-product,https://www.amazon.com/dp/B09B8V1LZ3,proxy,content,,200,512,10,true,10,1260564,,,2026-09-16T12:59:38.593Z
3,amazon-product,https://www.amazon.com/dp/B09B8V1LZ3,browser,content,,200,3070,15,true,15,1544240,,,2026-09-16T12:59:42.107Z
3,amazon-product,https://www.amazon.com/dp/B09B8V1LZ3,auto,content,,200,2010,10,true,10,1776869,cache,,2026-09-16T12:59:48.179Z
3,google-search,https://www.google.com/search?q=anti-detect+browser,single,blocked,"status 200, no marker",200,226,2,true,2,92532,,,2026-09-16T12:59:53.192Z
3,google-search,https://www.google.com/search?q=anti-detect+browser,proxy,challenge,recaptcha,,10092,10,false,0,0,,,2026-09-16T12:59:56.421Z
3,google-search,https://www.google.com/search?q=anti-detect+browser,browser,blocked,"status 200, no marker",200,1970,15,false,0,92506,,,2026-09-16T13:00:09.512Z
3,google-search,https://www.google.com/search?q=anti-detect+browser,auto,blocked,"status 403, no marker",403,119837,204,false,125,0,fail,,2026-09-16T13:00:14.485Z
3,tiktok-user,https://www.tiktok.com/@tiktok,single,content,,200,563,2,true,2,368503,,,2026-09-16T13:02:17.325Z
3,tiktok-user,https://www.tiktok.com/@tiktok,proxy,content,,200,583,10,true,10,368434,,,2026-09-16T13:02:20.890Z
3,tiktok-user,https://www.tiktok.com/@tiktok,browser,content,,200,1459,15,true,15,367919,,,2026-09-16T13:02:24.475Z
3,tiktok-user,https://www.tiktok.com/@tiktok,auto,content,,200,674,2,true,2,368863,cache,,2026-09-16T13:02:28.937Z
3,booking-search,https://www.booking.com/searchresults.html?ss=Victoria%2C+BC,single,challenge,AWS WAF,202,207,2,false,0,2035,,,2026-09-16T13:02:32.614Z
3,booking-search,https://www.booking.com/searchresults.html?ss=Victoria%2C+BC,proxy,challenge,awswaf,,10327,10,false,0,0,,,2026-09-16T13:02:35.823Z
3,booking-search,https://www.booking.com/searchresults.html?ss=Victoria%2C+BC,browser,challenge,AWS WAF,202,695,15,false,0,2035,,,2026-09-16T13:02:49.152Z
3,booking-search,https://www.booking.com/searchresults.html?ss=Victoria%2C+BC,auto,blocked,"status 502, no marker",502,67058,30,false,0,0,fail,,2026-09-16T13:02:52.850Z
3,indeed-jobs,https://www.indeed.com/jobs?q=engineer,single,challenge,Cloudflare,403,151,2,false,0,28025,,,2026-09-16T13:04:02.910Z
3,indeed-jobs,https://www.indeed.com/jobs?q=engineer,proxy,content,,200,1681,10,true,10,1654970,,,2026-09-16T13:04:06.063Z
3,indeed-jobs,https://www.indeed.com/jobs?q=engineer,browser,content,,200,11891,30,true,30,1998546,,,2026-09-16T13:04:10.747Z
3,indeed-jobs,https://www.indeed.com/jobs?q=engineer,auto,content,,200,1503,2,true,2,1639166,cache,,2026-09-16T13:04:25.640Z
3,stackoverflow,https://stackoverflow.com/questions/tagged/python,single,challenge,Cloudflare,403,121,2,false,0,6031,,,2026-09-16T13:04:30.146Z
3,stackoverflow,https://stackoverflow.com/questions/tagged/python,proxy,challenge,cloudflare,,5709,10,false,0,0,,,2026-09-16T13:04:33.269Z
3,stackoverflow,https://stackoverflow.com/questions/tagged/python,browser,content,,200,9976,30,true,30,273791,,,2026-09-16T13:04:41.981Z
3,stackoverflow,https://stackoverflow.com/questions/tagged/python,auto,content,,200,544,2,true,2,274029,cache,,2026-09-16T13:04:54.960Z
3,glassdoor,https://www.glassdoor.com/Reviews/index.htm,single,challenge,Cloudflare,403,310,2,false,0,241184,,,2026-09-16T13:04:58.507Z
3,glassdoor,https://www.glassdoor.com/Reviews/index.htm,proxy,challenge,cloudflare,,10702,10,false,0,0,,,2026-09-16T13:05:01.819Z
3,glassdoor,https://www.glassdoor.com/Reviews/index.htm,browser,error,Timeout after 60s: the cloudflare challenge did not complete from this exit (4 checkbox presses),,60157,15,false,0,0,,,2026-09-16T13:05:15.522Z
3,glassdoor,https://www.glassdoor.com/Reviews/index.htm,auto,content,,200,1617,2,true,2,689477,cache,,2026-09-16T13:06:18.681Z
3,vinted,https://www.vinted.com/,single,content,,200,895,2,true,2,1931514,,,2026-09-16T13:06:23.301Z
3,vinted,https://www.vinted.com/,proxy,content,,200,1134,10,true,10,1933776,,,2026-09-16T13:06:27.198Z
3,vinted,https://www.vinted.com/,browser,content,,200,2543,30,true,30,1933932,,,2026-09-16T13:06:31.333Z
3,deezer,https://www.deezer.com/en/,single,content,,200,298,2,true,2,195176,,,2026-09-16T13:07:34.832Z
3,deezer,https://www.deezer.com/en/,proxy,content,,200,349,10,true,10,195176,,,2026-09-16T13:07:38.133Z
3,deezer,https://www.deezer.com/en/,browser,content,,200,1092,15,true,15,195176,,,2026-09-16T13:07:41.484Z
3,deezer,https://www.deezer.com/en/,auto,content,,200,334,2,true,2,195176,cache,,2026-09-16T13:07:45.578Z
3,leboncoin,https://www.leboncoin.fr/,single,content,,200,348,2,true,2,474482,,,2026-09-16T13:07:48.915Z
3,leboncoin,https://www.leboncoin.fr/,proxy,content,,200,355,10,true,10,474482,,,2026-09-16T13:07:52.266Z
3,leboncoin,https://www.leboncoin.fr/,browser,content,,200,1143,15,true,15,474482,,,2026-09-16T13:07:55.624Z
3,leboncoin,https://www.leboncoin.fr/,auto,content,,200,5335,67,true,20,474482,proxy,,2026-09-16T13:07:59.770Z
3,hermes,https://www.hermes.com/us/en/,single,content,,200,312,2,true,2,581174,,,2026-09-16T13:08:08.108Z
3,hermes,https://www.hermes.com/us/en/,proxy,content,,200,626,10,true,10,581174,,,2026-09-16T13:08:11.430Z
3,hermes,https://www.hermes.com/us/en/,browser,content,,200,1089,30,true,30,581174,,,2026-09-16T13:08:15.059Z
3,hermes,https://www.hermes.com/us/en/,auto,content,,200,361,2,true,2,581174,cache,,2026-09-16T13:08:19.151Z
1,nowsecure,https://nowsecure.nl/,premium,content,,200,860,10,true,10,179466,,standard,2026-09-16T13:41:36.800Z
1,crunchbase,https://www.crunchbase.com/,premium,content,,200,1289,10,true,10,129089,,standard,2026-09-16T13:41:40.662Z
1,canadianinsider,https://www.canadianinsider.com/,premium,challenge,cloudflare,,6472,10,false,0,0,,,2026-09-16T13:41:44.954Z
1,ceo-ca,https://ceo.ca/scan,premium,content,,200,716,10,true,10,65231,,standard,2026-09-16T13:41:54.427Z
1,stockwatch,https://www.stockwatch.com/News/Search?hours=24&region=C,premium,content,,200,1166,10,true,10,122059,,standard,2026-09-16T13:41:58.146Z
1,newsfilecorp,https://www.newsfilecorp.com/search?q=gold,premium,content,,200,1263,10,true,10,111117,,standard,2026-09-16T13:42:02.314Z
1,medium,https://medium.com/,premium,content,,200,431,10,true,10,50103,,standard,2026-09-16T13:42:06.579Z
1,devto,https://dev.to/,premium,content,,200,629,10,true,10,252999,,standard,2026-09-16T13:42:10.011Z
1,reddit,https://www.reddit.com/,premium,blocked,17 attempt(s): 6 exit(s) did not answer; 11 returned HTTP 200 with no defense pr,,5753,10,false,0,0,,,2026-09-16T13:42:13.643Z
1,github-explore,https://github.com/explore,premium,content,,200,1740,10,true,10,513814,,standard,2026-09-16T13:42:22.399Z
1,linkedin-jobs,https://www.linkedin.com/jobs/search?keywords=engineer,premium,content,,200,1165,10,true,10,281946,,standard,2026-09-16T13:42:27.141Z
1,amazon-product,https://www.amazon.com/dp/B09B8V1LZ3,premium,challenge,akamai+awswaf,,10102,10,false,0,0,,,2026-09-16T13:42:31.309Z
1,google-search,https://www.google.com/search?q=anti-detect+browser,premium,challenge,recaptcha,,17300,10,false,0,0,,,2026-09-16T13:42:44.413Z
1,tiktok-user,https://www.tiktok.com/@tiktok,premium,content,,200,799,10,true,10,368927,,standard,2026-09-16T13:43:04.717Z
1,booking-search,https://www.booking.com/searchresults.html?ss=Victoria%2C+BC,premium,challenge,awswaf,,10275,10,false,0,0,,,2026-09-16T13:43:08.519Z
1,indeed-jobs,https://www.indeed.com/jobs?q=engineer,premium,content,,200,2077,10,true,10,1995237,,standard,2026-09-16T13:43:21.795Z
1,stackoverflow,https://stackoverflow.com/questions/tagged/python,premium,challenge,cloudflare,,10492,10,false,0,0,,,2026-09-16T13:43:26.873Z
1,glassdoor,https://www.glassdoor.com/Reviews/index.htm,premium,challenge,cloudflare,,10099,10,false,0,0,,,2026-09-16T13:43:40.366Z
1,vinted,https://www.vinted.com/,premium,content,,200,1250,10,true,10,1931303,,standard,2026-09-16T13:43:53.467Z
1,deezer,https://www.deezer.com/en/,premium,content,,200,7492,10,true,10,192849,,premium,2026-09-16T13:43:57.720Z
1,leboncoin,https://www.leboncoin.fr/,premium,content,,200,714,10,true,10,474482,,standard,2026-09-16T13:44:08.214Z
1,hermes,https://www.hermes.com/us/en/,premium,content,,200,574,10,true,10,579474,,standard,2026-09-16T13:44:11.929Z
2,nowsecure,https://nowsecure.nl/,premium,content,,200,656,10,true,10,179466,,standard,2026-09-16T13:44:15.506Z
2,crunchbase,https://www.crunchbase.com/,premium,content,,200,439,10,true,10,129089,,standard,2026-09-16T13:44:19.161Z
2,canadianinsider,https://www.canadianinsider.com/,premium,challenge,cloudflare,,15652,10,false,0,0,,,2026-09-16T13:44:22.602Z
2,ceo-ca,https://ceo.ca/scan,premium,content,,200,622,10,true,10,65231,,standard,2026-09-16T13:44:41.257Z
2,stockwatch,https://www.stockwatch.com/News/Search?hours=24&region=C,premium,content,,200,1420,10,true,10,122090,,standard,2026-09-16T13:44:44.881Z
2,newsfilecorp,https://www.newsfilecorp.com/search?q=gold,premium,content,,200,1093,10,true,10,111117,,standard,2026-09-16T13:44:49.302Z
2,medium,https://medium.com/,premium,content,,200,416,10,true,10,50097,,standard,2026-09-16T13:44:53.396Z
2,devto,https://dev.to/,premium,content,,200,423,10,true,10,252997,,standard,2026-09-16T13:44:56.813Z
2,reddit,https://www.reddit.com/,premium,blocked,17 attempt(s): 5 exit(s) did not answer; 11 returned HTTP 200 with no defense pr,,6616,10,false,0,0,,,2026-09-16T13:45:00.236Z
2,github-explore,https://github.com/explore,premium,content,,200,3320,10,true,10,514455,,standard,2026-09-16T13:45:09.854Z
2,linkedin-jobs,https://www.linkedin.com/jobs/search?keywords=engineer,premium,content,,200,1076,10,true,10,297382,,standard,2026-09-16T13:45:16.175Z
2,amazon-product,https://www.amazon.com/dp/B09B8V1LZ3,premium,challenge,awswaf,,7207,10,false,0,0,,,2026-09-16T13:45:20.254Z
2,google-search,https://www.google.com/search?q=anti-detect+browser,premium,challenge,recaptcha,,8725,10,false,0,0,,,2026-09-16T13:45:30.464Z
2,tiktok-user,https://www.tiktok.com/@tiktok,premium,content,,200,885,10,true,10,370693,,standard,2026-09-16T13:45:42.190Z
2,booking-search,https://www.booking.com/searchresults.html?ss=Victoria%2C+BC,premium,challenge,awswaf,,10174,10,false,0,0,,,2026-09-16T13:45:46.077Z
2,indeed-jobs,https://www.indeed.com/jobs?q=engineer,premium,content,,200,1824,10,true,10,1657042,,standard,2026-09-16T13:45:59.252Z
2,stackoverflow,https://stackoverflow.com/questions/tagged/python,premium,challenge,cloudflare,,10390,10,false,0,0,,,2026-09-16T13:46:04.079Z
2,glassdoor,https://www.glassdoor.com/Reviews/index.htm,premium,challenge,cloudflare,,10159,10,false,0,0,,,2026-09-16T13:46:17.471Z
2,vinted,https://www.vinted.com/,premium,content,,200,1188,10,true,10,1933964,,standard,2026-09-16T13:46:30.632Z
2,deezer,https://www.deezer.com/en/,premium,content,,200,340,10,true,10,195176,,standard,2026-09-16T13:46:34.823Z
2,leboncoin,https://www.leboncoin.fr/,premium,content,,200,489,10,true,10,474482,,standard,2026-09-16T13:46:38.164Z
2,hermes,https://www.hermes.com/us/en/,premium,content,,200,364,10,true,10,579474,,standard,2026-09-16T13:46:41.656Z
3,nowsecure,https://nowsecure.nl/,premium,content,,200,542,10,true,10,179466,,standard,2026-09-16T13:46:45.020Z
3,crunchbase,https://www.crunchbase.com/,premium,content,,200,617,10,true,10,129089,,standard,2026-09-16T13:46:48.565Z
3,canadianinsider,https://www.canadianinsider.com/,premium,challenge,cloudflare,,14082,10,false,0,0,,,2026-09-16T13:46:52.184Z
3,ceo-ca,https://ceo.ca/scan,premium,content,,200,500,10,true,10,65231,,standard,2026-09-16T13:47:09.267Z
3,stockwatch,https://www.stockwatch.com/News/Search?hours=24&region=C,premium,content,,200,6130,10,true,10,122090,,standard,2026-09-16T13:47:12.769Z
3,newsfilecorp,https://www.newsfilecorp.com/search?q=gold,premium,content,,200,820,10,true,10,34651,,standard,2026-09-16T13:47:21.902Z
3,medium,https://medium.com/,premium,content,,200,386,10,true,10,50103,,standard,2026-09-16T13:47:25.723Z
3,devto,https://dev.to/,premium,content,,200,211,10,true,10,252999,,standard,2026-09-16T13:47:29.110Z
3,reddit,https://www.reddit.com/,premium,blocked,17 attempt(s): 8 exit(s) did not answer; 9 returned HTTP 200 with no defense pre,,20108,10,false,0,0,,,2026-09-16T13:47:32.324Z
3,github-explore,https://github.com/explore,premium,content,,200,5177,10,true,10,514548,,standard,2026-09-16T13:47:55.434Z
3,linkedin-jobs,https://www.linkedin.com/jobs/search?keywords=engineer,premium,content,,200,963,10,true,10,279295,,standard,2026-09-16T13:48:03.610Z
3,amazon-product,https://www.amazon.com/dp/B09B8V1LZ3,premium,content,,200,1840,10,true,10,858046,,premium,2026-09-16T13:48:07.574Z
3,google-search,https://www.google.com/search?q=anti-detect+browser,premium,blocked,17 attempt(s): 10 exit(s) did not answer; 7 returned HTTP 200 with no defense pr,,6049,10,false,0,0,,,2026-09-16T13:48:12.417Z
3,tiktok-user,https://www.tiktok.com/@tiktok,premium,content,,200,728,10,true,10,371130,,standard,2026-09-16T13:48:21.467Z
3,booking-search,https://www.booking.com/searchresults.html?ss=Victoria%2C+BC,premium,content,,200,8528,10,true,10,1023174,,premium,2026-09-16T13:48:25.196Z
3,indeed-jobs,https://www.indeed.com/jobs?q=engineer,premium,content,,200,1571,10,true,10,2021784,,standard,2026-09-16T13:48:36.727Z
3,stackoverflow,https://stackoverflow.com/questions/tagged/python,premium,challenge,cloudflare,,10076,10,false,0,0,,,2026-09-16T13:48:41.302Z
3,glassdoor,https://www.glassdoor.com/Reviews/index.htm,premium,challenge,cloudflare,,12008,10,false,0,0,,,2026-09-16T13:48:54.378Z
3,vinted,https://www.vinted.com/,premium,content,,200,950,10,true,10,1932013,,standard,2026-09-16T13:49:09.388Z
3,deezer,https://www.deezer.com/en/,premium,content,,200,1907,10,true,10,192826,,premium,2026-09-16T13:49:13.342Z
3,leboncoin,https://www.leboncoin.fr/,premium,content,,200,615,10,true,10,474482,,standard,2026-09-16T13:49:18.250Z
3,hermes,https://www.hermes.com/us/en/,premium,content,,200,563,10,true,10,579474,,standard,2026-09-16T13:49:21.866Z
1,vinted,https://www.vinted.com/,auto,content,,200,6131,30,true,30,1934456,browser,,2026-09-16T14:23:38.560Z
2,vinted,https://www.vinted.com/,auto,content,,200,2877,2,true,2,1932596,cache,,2026-09-16T14:23:47.693Z
3,vinted,https://www.vinted.com/,auto,content,,200,2110,2,true,2,1932815,cache,,2026-09-16T14:23:53.573Z
